order_id,order_date,customerid,employee_id,store,status,update_date
1,2025-01-23,CUST304921,EMP553,Store A,Completed,2025-02-14
2,2024-03-27,CUST245054,EMP684,Warehouse E,Shipped,2024-04-11
3,2023-09-09,CUST120742,EMP669,Online D,Cancelled,2023-09-12
4,2023-09-10,CUST431061,EMP965,Online D,Processing,2023-09-10
5,2023-10-06,CUST311307,EMP586,Online D,Pending,2023-10-10
6,2023-11-21,CUST666662,EMP699,Store C,Processing,2023-11-29
7,2024-03-10,CUST682328,EMP705,Store C,Shipped,2024-03-17
8,2024-03-05,CUST684660,EMP839,Store C,Pending,2024-03-06
9,2024-04-24,CUST335433,EMP124,Store C,Completed,2024-05-18
10,2025-04-26,CUST159217,EMP357,Store A,Shipped,2025-04-28
11,2024-12-08,CUST353936,EMP447,Warehouse E,Shipped,2024-12-12
12,2025-03-29,CUST729437,EMP134,Store B,Pending,2025-04-05
13,2023-09-07,CUST962772,EMP484,Store B,Pending,2023-10-01
14,2023-07-23,CUST951124,EMP635,Store A,Cancelled,2023-08-05
15,2023-11-29,CUST433003,EMP330,Store B,Completed,2023-12-14
16,2025-02-27,CUST235302,EMP239,Store B,Processing,2025-02-28
17,2023-09-23,CUST767814,EMP500,Store B,Pending,2023-10-06
18,2025-02-12,CUST682328,EMP526,Online D,Pending,2025-02-16
19,2024-08-27,CUST564493,EMP980,Store C,Processing,2024-09-05
20,2024-08-17,CUST353936,EMP177,Warehouse E,Completed,2024-08-27
21,2024-04-27,CUST330841,EMP235,Warehouse E,Shipped,2024-05-08
22,2024-07-07,CUST531986,EMP381,Warehouse E,Pending,2024-07-07
23,2023-12-18,CUST825521,EMP588,Store C,Shipped,2023-12-18
24,2023-08-09,CUST991743,EMP130,Online D,Completed,2023-08-10
25,2023-08-03,CUST649691,EMP175,Online D,Shipped,2023-08-07
26,2024-06-20,CUST235302,EMP626,Online D,Pending,2024-07-02
27,2024-04-06,CUST270948,EMP514,Online D,Pending,2024-04-14
28,2023-10-05,CUST649691,EMP860,Store B,Processing,2023-10-11
29,2025-01-15,CUST587129,EMP119,Online D,Shipped,2025-01-21
30,2024-02-18,CUST583906,EMP895,Online D,Pending,2024-02-20
31,2024-03-14,CUST259163,EMP253,Store A,Processing,2024-03-20
32,2023-08-07,CUST304921,EMP236,Store A,Shipped,2023-08-07
33,2024-12-05,CUST561397,EMP919,Online D,Completed,2024-12-12
34,2024-01-17,CUST684660,EMP806,Store C,Cancelled,2024-01-22
35,2024-10-07,CUST120656,EMP211,Store C,Shipped,2024-10-28
36,2025-02-03,CUST377636,EMP625,Online D,Processing,2025-02-08
37,2023-10-23,CUST394928,EMP102,Store A,Completed,2023-10-23
38,2024-07-02,CUST326458,EMP803,Online D,Processing,2024-07-21
39,2025-02-28,CUST666662,EMP128,Store A,Pending,2025-03-13
40,2025-01-16,CUST433003,EMP352,Store B,Cancelled,2025-01-26
41,2025-05-14,CUST270373,EMP558,Online D,Shipped,2025-05-19
42,2024-10-15,CUST377636,EMP752,Online D,Cancelled,2024-10-22
43,2025-03-13,CUST642124,EMP512,Store A,Cancelled,2025-03-18
44,2023-09-11,CUST170667,EMP598,Online D,Pending,2023-09-17
45,2023-11-09,CUST100530,EMP702,Store A,Processing,2023-11-19
46,2024-07-08,CUST666662,EMP200,Store A,Completed,2024-07-08
47,2025-02-02,CUST330841,EMP749,Store C,Processing,2025-02-20
48,2023-08-19,CUST561397,EMP130,Store C,Pending,2023-09-07
49,2024-01-16,CUST796795,EMP506,Store A,Cancelled,2024-01-21
50,2025-05-21,CUST259163,EMP780,Store A,Shipped,2025-05-23
51,2025-04-16,CUST962772,EMP269,Store B,Pending,2025-05-11
52,2024-09-16,CUST662344,EMP504,Warehouse E,Shipped,2024-09-23
53,2025-01-06,CUST245054,EMP605,Store B,Cancelled,2025-01-07
54,2024-04-11,CUST666662,EMP807,Warehouse E,Pending,2024-04-25
55,2023-12-30,CUST120742,EMP241,Store A,Processing,2024-01-02
56,2023-09-15,CUST559300,EMP186,Store C,Processing,2023-10-14
57,2025-02-14,CUST767814,EMP790,Warehouse E,Completed,2025-02-18
58,2024-08-18,CUST235302,EMP607,Store A,Processing,2024-09-02
59,2023-08-12,CUST682328,EMP508,Store B,Shipped,2023-08-18
60,2023-07-06,CUST960785,EMP102,Warehouse E,Shipped,2023-07-22
61,2024-05-25,CUST645633,EMP375,Online D,Completed,2024-06-01
62,2025-01-25,CUST684660,EMP566,Store C,Cancelled,2025-02-02
63,2024-12-04,CUST767814,EMP784,Warehouse E,Processing,2024-12-05
64,2023-10-19,CUST823904,EMP279,Warehouse E,Cancelled,2023-10-21
65,2024-07-25,CUST823904,EMP854,Store B,Pending,2024-07-27
66,2024-10-28,CUST270373,EMP830,Store B,Shipped,2024-10-31
67,2024-07-25,CUST611152,EMP232,Store A,Pending,2024-07-25
68,2024-09-21,CUST899496,EMP797,Store A,Cancelled,2024-09-21
69,2024-03-25,CUST543964,EMP218,Store C,Completed,2024-03-29
70,2024-05-21,CUST559300,EMP720,Store A,Completed,2024-06-03
71,2024-09-02,CUST583906,EMP429,Online D,Pending,2024-09-04
72,2024-02-22,CUST751619,EMP971,Store B,Processing,2024-03-14
73,2024-07-15,CUST880265,EMP301,Store C,Completed,2024-07-18
74,2023-12-02,CUST642124,EMP302,Online D,Completed,2023-12-14
75,2023-08-26,CUST335433,EMP696,Store B,Completed,2023-09-09
76,2024-07-03,CUST270875,EMP330,Store B,Shipped,2024-07-07
77,2024-02-01,CUST649691,EMP345,Store A,Processing,2024-02-01
78,2023-11-20,CUST469193,EMP272,Online D,Cancelled,2023-12-04
79,2023-11-06,CUST170667,EMP905,Online D,Cancelled,2023-11-18
80,2024-01-05,CUST543964,EMP186,Warehouse E,Cancelled,2024-01-09
81,2023-10-26,CUST440887,EMP206,Store C,Shipped,2023-10-27
82,2024-12-01,CUST152056,EMP594,Store A,Pending,2024-12-04
83,2023-12-31,CUST821290,EMP326,Warehouse E,Cancelled,2024-01-14
84,2024-03-08,CUST682328,EMP768,Store B,Processing,2024-03-17
85,2024-03-14,CUST880265,EMP984,Warehouse E,Completed,2024-04-06
86,2023-12-28,CUST991743,EMP613,Store B,Processing,2024-01-10
87,2024-02-13,CUST645633,EMP409,Store B,Shipped,2024-02-19
88,2024-05-11,CUST543964,EMP833,Store B,Pending,2024-05-12
89,2024-04-21,CUST767814,EMP455,Online D,Shipped,2024-05-06
90,2025-03-19,CUST377636,EMP121,Store C,Shipped,2025-03-26
91,2023-08-01,CUST702033,EMP549,Store A,Shipped,2023-08-20
92,2025-02-14,CUST259307,EMP204,Store C,Cancelled,2025-02-16
93,2025-01-26,CUST991632,EMP266,Online D,Shipped,2025-01-28
94,2023-10-10,CUST825521,EMP952,Online D,Processing,2023-10-25
95,2023-07-18,CUST880265,EMP750,Online D,Shipped,2023-07-20
96,2023-10-08,CUST823904,EMP717,Online D,Shipped,2023-10-12
97,2023-08-29,CUST666721,EMP924,Store B,Shipped,2023-09-05
98,2024-02-21,CUST259163,EMP908,Warehouse E,Processing,2024-03-04
99,2024-11-25,CUST583906,EMP213,Online D,Pending,2024-12-22
100,2024-02-20,CUST751619,EMP942,Warehouse E,Pending,2024-03-11
101,2024-08-05,CUST375219,EMP271,Online D,Pending,2024-08-05
102,2025-02-11,CUST587129,EMP322,Warehouse E,Completed,2025-03-02
103,2023-08-20,CUST548463,EMP333,Online D,Shipped,2023-08-25
104,2023-11-01,CUST645633,EMP250,Online D,Cancelled,2023-11-13
105,2024-06-21,CUST887727,EMP913,Store A,Pending,2024-06-21
106,2024-02-14,CUST137670,EMP658,Warehouse E,Shipped,2024-02-14
107,2024-07-09,CUST666662,EMP217,Online D,Cancelled,2024-07-10
108,2023-11-27,CUST352459,EMP195,Online D,Shipped,2023-11-27
109,2024-09-21,CUST751619,EMP957,Online D,Processing,2024-09-21
110,2024-07-21,CUST991743,EMP527,Store C,Shipped,2024-07-24
111,2023-09-30,CUST120656,EMP578,Store B,Shipped,2023-10-08
112,2024-03-10,CUST649691,EMP402,Warehouse E,Completed,2024-03-11
113,2023-09-24,CUST784156,EMP754,Store C,Completed,2023-10-12
114,2025-05-15,CUST821290,EMP475,Store B,Pending,2025-05-15
115,2025-02-15,CUST611152,EMP623,Store A,Processing,2025-02-18
116,2024-05-11,CUST120742,EMP139,Warehouse E,Cancelled,2024-05-16
117,2024-12-28,CUST702033,EMP454,Store C,Completed,2025-01-07
118,2023-08-14,CUST960785,EMP220,Store C,Pending,2023-08-27
119,2023-12-23,CUST666721,EMP179,Warehouse E,Completed,2023-12-30
120,2024-06-27,CUST353936,EMP779,Warehouse E,Cancelled,2024-07-25
121,2024-12-28,CUST995461,EMP825,Store A,Pending,2025-01-02
122,2024-10-30,CUST703527,EMP629,Store C,Completed,2024-11-01
123,2025-02-03,CUST662344,EMP980,Store B,Pending,2025-02-11
124,2024-06-07,CUST377636,EMP188,Store A,Cancelled,2024-06-09
125,2024-03-13,CUST208847,EMP162,Online D,Processing,2024-03-13
126,2024-07-08,CUST469193,EMP417,Store A,Processing,2024-07-21
127,2023-12-29,CUST235302,EMP595,Store B,Cancelled,2024-01-22
128,2023-09-26,CUST375219,EMP293,Store C,Processing,2023-09-28
129,2023-11-23,CUST860641,EMP716,Online D,Cancelled,2023-12-14
130,2024-08-03,CUST564493,EMP591,Store A,Cancelled,2024-08-03
131,2023-12-13,CUST100530,EMP698,Store C,Completed,2023-12-28
132,2024-02-17,CUST682328,EMP464,Store B,Cancelled,2024-03-09
133,2024-08-08,CUST543964,EMP971,Store B,Completed,2024-08-08
134,2024-09-14,CUST137670,EMP395,Store A,Processing,2024-09-14
135,2025-03-29,CUST433003,EMP373,Online D,Completed,2025-04-14
136,2024-02-17,CUST796795,EMP878,Store B,Cancelled,2024-03-07
137,2024-08-13,CUST651427,EMP827,Online D,Completed,2024-08-18
138,2024-10-25,CUST662344,EMP291,Online D,Processing,2024-10-25
139,2023-08-17,CUST899496,EMP302,Store A,Processing,2023-09-08
140,2024-12-23,CUST897272,EMP963,Store A,Completed,2025-01-06
141,2025-05-08,CUST376215,EMP460,Store A,Completed,2025-05-22
142,2025-02-03,CUST651427,EMP149,Warehouse E,Pending,2025-02-21
143,2025-02-12,CUST259307,EMP295,Online D,Pending,2025-02-27
144,2023-07-16,CUST651427,EMP346,Store B,Completed,2023-07-25
145,2025-01-07,CUST438277,EMP661,Online D,Cancelled,2025-01-09
146,2024-05-15,CUST442364,EMP366,Store A,Shipped,2024-06-06
147,2025-04-06,CUST784156,EMP765,Warehouse E,Completed,2025-05-02
148,2024-06-15,CUST259163,EMP669,Store C,Pending,2024-06-24
149,2025-06-09,CUST270875,EMP832,Online D,Shipped,2025-06-11
150,2024-03-07,CUST682328,EMP384,Store C,Shipped,2024-03-25
151,2023-07-02,CUST611152,EMP317,Warehouse E,Completed,2023-07-02
152,2023-06-25,CUST100530,EMP400,Online D,Pending,2023-06-26
153,2023-08-10,CUST311307,EMP630,Store C,Completed,2023-08-19
154,2024-07-16,CUST801355,EMP202,Online D,Cancelled,2024-07-29
155,2024-10-22,CUST259307,EMP968,Store B,Shipped,2024-11-01
156,2023-07-07,CUST442364,EMP549,Online D,Processing,2023-07-16
157,2024-06-20,CUST860641,EMP116,Store C,Pending,2024-06-20
158,2025-01-26,CUST825521,EMP553,Store C,Processing,2025-02-16
159,2023-07-22,CUST796795,EMP869,Store C,Completed,2023-07-29
160,2023-12-02,CUST960785,EMP683,Store A,Cancelled,2023-12-11
161,2024-07-17,CUST553548,EMP477,Store C,Shipped,2024-07-22
162,2023-09-13,CUST352459,EMP482,Online D,Completed,2023-09-16
163,2025-05-05,CUST995461,EMP312,Online D,Pending,2025-05-07
164,2025-04-02,CUST353936,EMP610,Warehouse E,Pending,2025-04-09
165,2025-04-20,CUST857556,EMP400,Store A,Pending,2025-05-17
166,2024-06-20,CUST361638,EMP624,Store C,Pending,2024-06-20
167,2023-08-09,CUST651427,EMP886,Store A,Processing,2023-08-18
168,2024-04-14,CUST857556,EMP742,Online D,Processing,2024-04-22
169,2023-09-20,CUST702033,EMP873,Warehouse E,Shipped,2023-09-29
170,2024-05-13,CUST120656,EMP476,Store C,Processing,2024-05-29
171,2024-12-12,CUST796795,EMP935,Store B,Completed,2024-12-31
172,2023-06-28,CUST531986,EMP370,Online D,Processing,2023-07-02
173,2023-10-21,CUST951124,EMP460,Store B,Pending,2023-10-31
174,2023-11-07,CUST669718,EMP918,Online D,Completed,2023-12-01
175,2023-07-12,CUST799838,EMP594,Online D,Pending,2023-07-18
176,2024-05-10,CUST767814,EMP996,Online D,Processing,2024-05-15
177,2023-11-14,CUST431061,EMP818,Online D,Pending,2023-11-15
178,2024-05-19,CUST469193,EMP622,Store C,Completed,2024-05-20
179,2024-04-07,CUST531986,EMP221,Store C,Shipped,2024-04-13
180,2023-10-24,CUST440887,EMP480,Online D,Completed,2023-10-24
181,2024-07-12,CUST137670,EMP215,Online D,Shipped,2024-07-17
182,2023-09-11,CUST352459,EMP178,Store B,Pending,2023-09-11
183,2025-01-25,CUST311307,EMP944,Store A,Pending,2025-01-31
184,2025-01-23,CUST245054,EMP542,Store B,Shipped,2025-01-27
185,2024-08-14,CUST170667,EMP889,Store B,Processing,2024-08-22
186,2024-04-03,CUST729437,EMP883,Online D,Completed,2024-04-05
187,2024-05-01,CUST788161,EMP110,Online D,Cancelled,2024-05-06
188,2024-04-05,CUST729437,EMP120,Store C,Shipped,2024-05-02
189,2024-05-26,CUST890465,EMP896,Store B,Cancelled,2024-05-26
190,2024-09-13,CUST245054,EMP349,Online D,Cancelled,2024-10-08
191,2025-01-18,CUST120656,EMP209,Warehouse E,Cancelled,2025-01-18
192,2024-07-03,CUST137670,EMP359,Online D,Completed,2024-07-08
193,2023-11-02,CUST518812,EMP707,Store C,Pending,2023-11-09
194,2025-01-26,CUST642124,EMP920,Store C,Pending,2025-01-28
195,2023-09-01,CUST304921,EMP325,Store C,Cancelled,2023-09-15
196,2024-09-19,CUST568538,EMP319,Online D,Pending,2024-10-04
197,2024-12-29,CUST887727,EMP478,Warehouse E,Cancelled,2024-12-30
198,2024-09-03,CUST503269,EMP138,Store A,Processing,2024-09-16
199,2023-07-03,CUST669718,EMP937,Store B,Processing,2023-07-08
200,2025-03-26,CUST960785,EMP490,Online D,Processing,2025-03-28
201,2024-06-05,CUST376215,EMP281,Online D,Cancelled,2024-06-11
202,2024-09-21,CUST860641,EMP178,Store B,Cancelled,2024-10-10
203,2023-10-16,CUST666662,EMP518,Store C,Shipped,2023-11-04
204,2023-07-21,CUST137670,EMP171,Warehouse E,Cancelled,2023-07-24
205,2024-08-03,CUST841402,EMP340,Store B,Processing,2024-08-13
206,2023-09-27,CUST767814,EMP781,Store B,Cancelled,2023-09-27
207,2024-07-07,CUST921408,EMP527,Warehouse E,Pending,2024-07-10
208,2024-12-31,CUST440887,EMP776,Warehouse E,Processing,2025-01-07
209,2024-05-28,CUST703527,EMP787,Online D,Processing,2024-06-17
210,2024-08-27,CUST259307,EMP402,Store C,Processing,2024-09-04
211,2023-11-06,CUST899496,EMP997,Online D,Shipped,2023-11-06
212,2025-04-10,CUST311307,EMP762,Store B,Pending,2025-04-10
213,2025-02-26,CUST326458,EMP241,Store A,Shipped,2025-03-12
214,2023-06-27,CUST204657,EMP542,Store A,Cancelled,2023-07-09
215,2024-03-19,CUST860641,EMP981,Warehouse E,Cancelled,2024-03-31
216,2024-01-19,CUST951124,EMP365,Store A,Processing,2024-01-19
217,2023-11-06,CUST361638,EMP578,Store C,Cancelled,2023-11-15
218,2024-02-04,CUST137670,EMP878,Store C,Processing,2024-02-15
219,2024-11-20,CUST225247,EMP737,Store B,Completed,2024-11-26
220,2024-08-14,CUST776164,EMP876,Store B,Cancelled,2024-08-17
221,2023-07-16,CUST897272,EMP329,Warehouse E,Pending,2023-07-16
222,2023-08-18,CUST991743,EMP490,Warehouse E,Completed,2023-08-20
223,2024-12-14,CUST642124,EMP138,Store A,Shipped,2024-12-20
224,2024-09-11,CUST784156,EMP816,Warehouse E,Completed,2024-09-19
225,2024-07-20,CUST561397,EMP826,Store A,Completed,2024-07-20
226,2023-09-14,CUST703527,EMP784,Store C,Cancelled,2023-09-18
227,2024-07-09,CUST920676,EMP757,Store A,Shipped,2024-07-09
228,2025-05-10,CUST784156,EMP674,Warehouse E,Shipped,2025-05-10
229,2023-09-06,CUST899496,EMP329,Online D,Processing,2023-09-11
230,2023-07-15,CUST751619,EMP930,Store B,Processing,2023-07-30
231,2024-09-24,CUST666662,EMP819,Store A,Shipped,2024-09-25
232,2024-04-14,CUST921408,EMP820,Store A,Pending,2024-04-28
233,2024-05-13,CUST270373,EMP663,Online D,Cancelled,2024-05-14
234,2023-07-16,CUST651427,EMP273,Store C,Cancelled,2023-07-28
235,2023-10-25,CUST531986,EMP305,Warehouse E,Shipped,2023-11-03
236,2023-07-12,CUST921408,EMP870,Store A,Completed,2023-07-23
237,2024-04-25,CUST666721,EMP425,Warehouse E,Completed,2024-04-27
238,2024-11-25,CUST330841,EMP148,Store A,Processing,2024-11-28
239,2024-10-10,CUST776164,EMP693,Store A,Completed,2024-10-12
240,2024-06-12,CUST431061,EMP229,Warehouse E,Cancelled,2024-06-27
241,2025-05-14,CUST767814,EMP118,Store B,Cancelled,2025-05-15
242,2025-06-13,CUST137670,EMP817,Online D,Cancelled,2025-06-14
243,2025-01-25,CUST784156,EMP631,Online D,Completed,2025-01-25
244,2024-05-18,CUST431061,EMP947,Store B,Completed,2024-05-19
245,2025-01-14,CUST469193,EMP420,Store A,Completed,2025-01-18
246,2024-09-26,CUST382578,EMP482,Store B,Cancelled,2024-10-08
247,2024-04-17,CUST159217,EMP720,Store A,Pending,2024-05-16
248,2025-02-11,CUST960785,EMP898,Store C,Processing,2025-02-19
249,2024-05-28,CUST682328,EMP135,Store B,Completed,2024-05-30
250,2025-04-04,CUST326458,EMP254,Online D,Completed,2025-04-08
251,2024-11-22,CUST702033,EMP953,Store B,Pending,2024-11-22
252,2024-12-15,CUST137670,EMP969,Online D,Shipped,2025-01-09
253,2024-04-05,CUST531986,EMP879,Online D,Cancelled,2024-04-09
254,2023-09-24,CUST132177,EMP719,Store A,Processing,2023-10-06
255,2023-10-13,CUST469193,EMP305,Store C,Pending,2023-10-30
256,2024-10-04,CUST543964,EMP916,Store B,Cancelled,2024-10-04
257,2024-07-26,CUST795683,EMP923,Online D,Processing,2024-08-07
258,2024-09-13,CUST880265,EMP249,Store B,Processing,2024-09-15
259,2023-12-18,CUST433003,EMP808,Warehouse E,Processing,2023-12-19
260,2024-11-06,CUST561397,EMP213,Online D,Completed,2024-11-08
261,2023-08-27,CUST137670,EMP293,Warehouse E,Shipped,2023-09-10
262,2025-01-14,CUST469193,EMP315,Warehouse E,Shipped,2025-01-18
263,2023-06-17,CUST335433,EMP517,Store C,Completed,2023-06-17
264,2025-01-12,CUST170667,EMP188,Warehouse E,Completed,2025-01-16
265,2025-01-08,CUST729437,EMP966,Store B,Shipped,2025-01-10
266,2023-07-08,CUST204657,EMP435,Warehouse E,Completed,2023-07-09
267,2025-05-29,CUST921408,EMP834,Store A,Pending,2025-06-11
268,2024-03-18,CUST611152,EMP298,Online D,Cancelled,2024-03-18
269,2024-04-11,CUST204657,EMP612,Online D,Shipped,2024-04-24
270,2025-05-08,CUST920676,EMP728,Online D,Processing,2025-05-08
271,2024-03-20,CUST120656,EMP349,Store B,Processing,2024-03-23
272,2023-10-03,CUST767814,EMP719,Warehouse E,Completed,2023-10-09
273,2024-10-17,CUST259163,EMP920,Warehouse E,Shipped,2024-10-22
274,2023-10-03,CUST583906,EMP992,Store B,Processing,2023-10-23
275,2024-03-12,CUST561397,EMP301,Online D,Shipped,2024-04-02
276,2024-06-29,CUST890465,EMP259,Warehouse E,Cancelled,2024-07-02
277,2025-05-13,CUST159217,EMP793,Online D,Cancelled,2025-05-17
278,2024-07-13,CUST751619,EMP200,Store C,Processing,2024-07-21
279,2025-03-16,CUST235302,EMP248,Online D,Shipped,2025-03-21
280,2023-12-26,CUST880265,EMP133,Store B,Shipped,2023-12-29
281,2024-07-04,CUST662344,EMP232,Warehouse E,Cancelled,2024-07-17
282,2023-09-25,CUST259163,EMP467,Online D,Shipped,2023-09-27
283,2023-12-28,CUST611152,EMP233,Store A,Cancelled,2024-01-01
284,2024-10-09,CUST120742,EMP819,Store A,Completed,2024-10-19
285,2024-10-27,CUST583906,EMP764,Online D,Cancelled,2024-11-17
286,2023-06-30,CUST208847,EMP885,Store B,Completed,2023-07-17
287,2023-07-13,CUST682328,EMP820,Store B,Shipped,2023-07-13
288,2025-05-27,CUST991632,EMP745,Store C,Processing,2025-06-03
289,2023-11-17,CUST564493,EMP432,Store B,Completed,2023-11-19
290,2023-12-08,CUST335433,EMP114,Store A,Cancelled,2023-12-09
291,2024-06-23,CUST431061,EMP378,Store B,Pending,2024-06-24
292,2024-02-22,CUST960785,EMP918,Warehouse E,Processing,2024-03-04
293,2023-09-14,CUST897272,EMP751,Online D,Cancelled,2023-09-15
294,2023-10-31,CUST375219,EMP681,Store B,Pending,2023-11-01
295,2024-10-08,CUST684660,EMP817,Store B,Completed,2024-10-10
296,2025-01-28,CUST137670,EMP594,Store A,Pending,2025-02-18
297,2023-11-19,CUST259307,EMP856,Store A,Completed,2023-11-20
298,2023-11-25,CUST899496,EMP655,Store C,Processing,2023-11-29
299,2024-09-22,CUST947729,EMP459,Store A,Shipped,2024-09-29
300,2024-10-13,CUST377547,EMP310,Warehouse E,Processing,2024-11-04
301,2024-05-11,CUST561397,EMP736,Store B,Shipped,2024-05-17
302,2024-07-11,CUST431061,EMP411,Warehouse E,Completed,2024-07-19
303,2023-11-06,CUST642124,EMP295,Store A,Pending,2023-11-21
304,2024-05-11,CUST438277,EMP508,Online D,Cancelled,2024-05-16
305,2023-06-25,CUST270373,EMP521,Warehouse E,Shipped,2023-06-25
306,2024-08-22,CUST376215,EMP397,Store A,Cancelled,2024-08-22
307,2024-08-04,CUST440887,EMP845,Store B,Cancelled,2024-08-25
308,2024-04-15,CUST180145,EMP987,Store B,Shipped,2024-04-22
309,2024-10-02,CUST825521,EMP574,Store A,Cancelled,2024-10-02
310,2024-06-15,CUST564493,EMP441,Warehouse E,Completed,2024-07-07
311,2024-07-29,CUST440887,EMP491,Warehouse E,Shipped,2024-08-07
312,2024-11-22,CUST587129,EMP898,Online D,Cancelled,2024-11-22
313,2023-12-03,CUST440887,EMP852,Online D,Shipped,2023-12-03
314,2024-11-17,CUST920676,EMP790,Store C,Completed,2024-11-23
315,2024-08-11,CUST857556,EMP523,Warehouse E,Pending,2024-08-15
316,2023-07-14,CUST204657,EMP471,Online D,Pending,2023-07-21
317,2023-07-02,CUST270373,EMP848,Store A,Cancelled,2023-07-07
318,2024-02-16,CUST119384,EMP765,Online D,Shipped,2024-02-25
319,2024-12-02,CUST375219,EMP895,Store C,Cancelled,2024-12-17
320,2023-12-15,CUST440887,EMP702,Online D,Completed,2023-12-21
321,2024-12-11,CUST132177,EMP225,Store A,Cancelled,2024-12-16
322,2023-12-13,CUST442364,EMP890,Warehouse E,Pending,2023-12-27
323,2024-12-09,CUST642124,EMP639,Store C,Completed,2024-12-20
324,2024-07-16,CUST561397,EMP342,Store B,Shipped,2024-08-06
325,2025-01-05,CUST431061,EMP940,Warehouse E,Processing,2025-01-10
326,2024-09-18,CUST382578,EMP101,Store A,Processing,2024-10-10
327,2024-06-04,CUST353936,EMP445,Store A,Shipped,2024-06-26
328,2023-10-31,CUST703527,EMP572,Warehouse E,Cancelled,2023-11-07
329,2024-08-21,CUST304921,EMP176,Warehouse E,Shipped,2024-08-21
330,2024-09-11,CUST947729,EMP127,Store A,Cancelled,2024-09-17
331,2023-10-23,CUST225247,EMP914,Store C,Processing,2023-11-06
332,2024-02-08,CUST651427,EMP902,Online D,Pending,2024-02-09
333,2023-07-13,CUST503269,EMP522,Online D,Cancelled,2023-07-22
334,2023-12-26,CUST799838,EMP850,Store C,Cancelled,2023-12-26
335,2024-10-27,CUST880265,EMP545,Store C,Cancelled,2024-11-12
336,2025-02-01,CUST208847,EMP485,Store C,Processing,2025-02-14
337,2025-03-17,CUST899496,EMP578,Online D,Pending,2025-03-17
338,2024-08-10,CUST960785,EMP959,Store B,Completed,2024-08-16
339,2024-07-29,CUST440887,EMP396,Warehouse E,Pending,2024-08-03
340,2024-10-23,CUST776164,EMP120,Warehouse E,Completed,2024-10-25
341,2024-10-11,CUST776164,EMP447,Store A,Cancelled,2024-10-16
342,2024-12-03,CUST375219,EMP687,Store B,Processing,2024-12-21
343,2023-09-30,CUST225247,EMP506,Store A,Cancelled,2023-10-11
344,2023-07-30,CUST120742,EMP883,Online D,Completed,2023-07-30
345,2023-11-01,CUST587129,EMP915,Store C,Cancelled,2023-11-13
346,2025-01-24,CUST119384,EMP587,Online D,Shipped,2025-02-07
347,2024-08-14,CUST335433,EMP729,Store A,Completed,2024-08-23
348,2024-04-14,CUST887727,EMP537,Store B,Pending,2024-04-28
349,2024-12-20,CUST825521,EMP437,Store A,Processing,2024-12-21
350,2024-12-03,CUST951124,EMP975,Warehouse E,Pending,2024-12-04
351,2024-03-16,CUST666652,EMP236,Warehouse E,Completed,2024-03-30
352,2023-12-23,CUST801355,EMP912,Warehouse E,Processing,2024-01-04
353,2025-05-03,CUST100530,EMP249,Online D,Completed,2025-05-14
354,2025-03-30,CUST666652,EMP457,Warehouse E,Completed,2025-04-06
355,2023-08-20,CUST784156,EMP211,Store C,Shipped,2023-08-21
356,2024-07-27,CUST270373,EMP418,Online D,Shipped,2024-07-28
357,2025-02-08,CUST825521,EMP959,Store A,Completed,2025-02-13
358,2024-10-22,CUST270948,EMP796,Online D,Shipped,2024-10-22
359,2025-02-21,CUST352459,EMP915,Store C,Pending,2025-03-21
360,2025-05-02,CUST776164,EMP266,Store C,Processing,2025-05-05
361,2023-12-13,CUST899496,EMP151,Online D,Pending,2023-12-31
362,2023-11-10,CUST947729,EMP235,Store C,Shipped,2023-12-05
363,2024-12-23,CUST503269,EMP389,Warehouse E,Cancelled,2024-12-24
364,2024-01-16,CUST197388,EMP874,Store A,Completed,2024-01-24
365,2024-01-28,CUST159217,EMP155,Warehouse E,Pending,2024-01-29
366,2024-10-19,CUST270948,EMP574,Store A,Completed,2024-10-31
367,2024-09-17,CUST568538,EMP791,Store B,Shipped,2024-10-09
368,2024-02-27,CUST880265,EMP679,Store A,Pending,2024-03-25
369,2025-01-26,CUST788161,EMP298,Store B,Pending,2025-01-31
370,2024-01-23,CUST100530,EMP649,Store A,Shipped,2024-02-02
371,2024-02-25,CUST991632,EMP376,Store A,Shipped,2024-03-06
372,2025-02-19,CUST270875,EMP478,Store C,Processing,2025-02-19
373,2025-05-29,CUST259307,EMP683,Store C,Processing,2025-05-31
374,2024-12-23,CUST204657,EMP515,Warehouse E,Pending,2024-12-24
375,2024-12-27,CUST899496,EMP344,Warehouse E,Completed,2025-01-01
376,2025-05-13,CUST767814,EMP229,Online D,Pending,2025-05-24
377,2023-10-18,CUST543964,EMP795,Store B,Processing,2023-10-28
378,2024-08-22,CUST438277,EMP242,Warehouse E,Cancelled,2024-09-04
379,2024-10-09,CUST152056,EMP630,Store B,Completed,2024-10-11
380,2024-09-14,CUST548463,EMP802,Online D,Shipped,2024-09-16
381,2023-09-04,CUST564493,EMP293,Warehouse E,Pending,2023-09-22
382,2023-09-29,CUST784156,EMP471,Store C,Completed,2023-10-15
383,2023-07-18,CUST669718,EMP966,Store C,Pending,2023-07-25
384,2023-11-19,CUST921408,EMP516,Store A,Cancelled,2023-11-19
385,2023-10-18,CUST152056,EMP825,Store A,Shipped,2023-10-27
386,2023-10-14,CUST180145,EMP894,Store C,Pending,2023-10-23
387,2024-04-03,CUST799838,EMP936,Store C,Cancelled,2024-04-08
388,2024-05-19,CUST951124,EMP915,Store A,Pending,2024-05-20
389,2023-11-17,CUST841402,EMP949,Online D,Processing,2023-12-08
390,2023-09-23,CUST440887,EMP490,Warehouse E,Shipped,2023-09-25
391,2023-10-01,CUST920676,EMP900,Online D,Cancelled,2023-10-21
392,2023-10-17,CUST270373,EMP680,Online D,Cancelled,2023-10-30
393,2023-10-13,CUST377636,EMP996,Online D,Processing,2023-10-14
394,2025-01-09,CUST796795,EMP482,Store C,Processing,2025-01-28
395,2023-07-17,CUST330841,EMP511,Store C,Shipped,2023-07-25
396,2024-09-27,CUST100530,EMP158,Store B,Pending,2024-10-06
397,2023-07-13,CUST235302,EMP274,Store C,Cancelled,2023-07-13
398,2023-09-17,CUST518812,EMP985,Warehouse E,Pending,2023-09-19
399,2024-06-25,CUST225247,EMP465,Warehouse E,Shipped,2024-07-02
400,2024-11-04,CUST857556,EMP508,Warehouse E,Cancelled,2024-11-09
401,2024-11-07,CUST235302,EMP234,Store C,Cancelled,2024-11-08
402,2024-07-17,CUST680705,EMP294,Store C,Cancelled,2024-07-20
403,2024-03-18,CUST776164,EMP839,Store C,Pending,2024-03-20
404,2023-08-30,CUST335433,EMP345,Store C,Cancelled,2023-09-01
405,2024-08-17,CUST503269,EMP899,Store A,Processing,2024-09-01
406,2025-06-05,CUST568538,EMP526,Online D,Pending,2025-06-08
407,2024-05-07,CUST796795,EMP222,Store C,Processing,2024-05-22
408,2023-08-14,CUST311307,EMP110,Store C,Shipped,2023-08-14
409,2025-05-12,CUST666652,EMP715,Warehouse E,Cancelled,2025-05-16
410,2025-01-09,CUST270948,EMP643,Online D,Cancelled,2025-01-18
411,2023-07-11,CUST394928,EMP847,Store A,Processing,2023-07-13
412,2023-10-31,CUST137670,EMP452,Store A,Completed,2023-11-12
413,2025-05-25,CUST132177,EMP338,Warehouse E,Shipped,2025-05-31
414,2023-06-17,CUST920676,EMP951,Warehouse E,Cancelled,2023-06-23
415,2023-09-22,CUST887727,EMP661,Store C,Pending,2023-10-08
416,2023-08-09,CUST518812,EMP485,Store C,Shipped,2023-08-21
417,2023-06-16,CUST394928,EMP829,Store C,Cancelled,2023-06-27
418,2023-12-29,CUST204657,EMP425,Store C,Processing,2024-01-01
419,2024-06-24,CUST799838,EMP517,Store A,Cancelled,2024-07-10
420,2025-01-26,CUST991743,EMP116,Store B,Completed,2025-01-30
421,2025-05-11,CUST377636,EMP857,Store B,Completed,2025-05-11
422,2025-05-25,CUST361638,EMP241,Warehouse E,Pending,2025-05-31
423,2024-05-25,CUST503269,EMP501,Warehouse E,Completed,2024-06-04
424,2024-02-15,CUST433003,EMP431,Store C,Shipped,2024-02-16
425,2024-01-18,CUST442364,EMP210,Store C,Processing,2024-01-21
426,2024-07-30,CUST561397,EMP797,Store A,Processing,2024-08-12
427,2024-09-05,CUST669718,EMP508,Store B,Shipped,2024-09-05
428,2025-02-02,CUST684660,EMP638,Online D,Processing,2025-02-05
429,2023-11-25,CUST920676,EMP211,Store B,Processing,2023-12-24
430,2023-09-14,CUST801355,EMP723,Online D,Pending,2023-09-14
431,2024-08-11,CUST951124,EMP559,Store C,Cancelled,2024-08-12
432,2024-09-21,CUST259307,EMP890,Online D,Completed,2024-10-02
433,2023-12-21,CUST170667,EMP909,Store C,Processing,2024-01-08
434,2023-08-15,CUST259163,EMP297,Store A,Cancelled,2023-09-03
435,2023-09-06,CUST442364,EMP685,Store A,Cancelled,2023-09-07
436,2024-08-16,CUST180145,EMP463,Online D,Processing,2024-09-03
437,2023-12-05,CUST335433,EMP475,Warehouse E,Pending,2023-12-08
438,2025-05-11,CUST890465,EMP763,Store C,Cancelled,2025-05-27
439,2023-12-28,CUST801355,EMP761,Online D,Processing,2024-01-05
440,2024-01-17,CUST666721,EMP705,Online D,Cancelled,2024-01-17
441,2024-03-28,CUST642124,EMP508,Warehouse E,Completed,2024-03-31
442,2024-06-13,CUST796795,EMP649,Store A,Processing,2024-06-14
443,2024-02-25,CUST642124,EMP712,Warehouse E,Pending,2024-03-16
444,2024-06-14,CUST841402,EMP921,Store B,Shipped,2024-06-15
445,2023-08-29,CUST531986,EMP177,Store C,Processing,2023-09-07
446,2024-04-05,CUST438277,EMP880,Online D,Pending,2024-04-09
447,2025-06-10,CUST120742,EMP224,Store A,Pending,2025-06-14
448,2023-08-19,CUST326458,EMP114,Store B,Completed,2023-08-28
449,2025-01-27,CUST170667,EMP227,Warehouse E,Processing,2025-01-29
450,2023-12-03,CUST235302,EMP528,Online D,Cancelled,2023-12-12
451,2023-09-07,CUST553548,EMP569,Warehouse E,Shipped,2023-09-08
452,2024-04-19,CUST503269,EMP271,Online D,Completed,2024-04-24
453,2025-04-04,CUST995461,EMP765,Warehouse E,Pending,2025-04-06
454,2023-06-17,CUST469193,EMP395,Store C,Completed,2023-06-21
455,2023-12-04,CUST377636,EMP630,Store A,Cancelled,2023-12-06
456,2024-11-09,CUST995461,EMP263,Store C,Pending,2024-11-22
457,2023-06-16,CUST377547,EMP762,Warehouse E,Shipped,2023-06-26
458,2023-08-09,CUST326458,EMP547,Online D,Completed,2023-08-11
459,2023-09-15,CUST684660,EMP634,Store C,Processing,2023-09-20
460,2023-07-21,CUST204657,EMP144,Online D,Completed,2023-08-02
461,2023-10-30,CUST564493,EMP924,Online D,Processing,2023-11-02
462,2024-03-31,CUST995461,EMP304,Online D,Cancelled,2024-04-05
463,2024-06-24,CUST438277,EMP629,Store C,Processing,2024-07-07
464,2024-08-06,CUST270875,EMP803,Store B,Shipped,2024-08-19
465,2025-05-07,CUST649691,EMP158,Store B,Cancelled,2025-05-12
466,2024-11-12,CUST204657,EMP551,Online D,Shipped,2024-11-29
467,2023-10-18,CUST897272,EMP821,Store A,Shipped,2023-10-18
468,2023-10-29,CUST796795,EMP562,Store C,Shipped,2023-11-14
469,2023-07-07,CUST553548,EMP344,Warehouse E,Shipped,2023-07-13
470,2024-12-25,CUST796795,EMP416,Store C,Completed,2025-01-10
471,2023-11-23,CUST651427,EMP586,Store A,Pending,2023-12-11
472,2024-03-30,CUST642124,EMP287,Store A,Shipped,2024-04-07
473,2024-08-25,CUST270373,EMP172,Store C,Processing,2024-09-02
474,2024-11-01,CUST611152,EMP371,Online D,Pending,2024-11-13
475,2024-03-07,CUST788161,EMP597,Store A,Cancelled,2024-03-08
476,2025-05-21,CUST649691,EMP509,Online D,Shipped,2025-05-25
477,2024-02-07,CUST887727,EMP310,Store B,Shipped,2024-02-12
478,2025-02-17,CUST564493,EMP860,Store B,Shipped,2025-02-18
479,2024-06-12,CUST960785,EMP281,Store B,Cancelled,2024-06-24
480,2024-06-07,CUST951124,EMP371,Store B,Completed,2024-06-09
481,2023-08-28,CUST951124,EMP649,Online D,Completed,2023-08-30
482,2023-11-06,CUST951124,EMP519,Warehouse E,Processing,2023-11-06
483,2024-04-04,CUST795683,EMP771,Store B,Completed,2024-04-04
484,2025-04-16,CUST776164,EMP367,Warehouse E,Processing,2025-04-28
485,2025-04-05,CUST651427,EMP733,Online D,Pending,2025-04-15
486,2025-05-06,CUST132177,EMP596,Store A,Completed,2025-05-28
487,2024-09-04,CUST583906,EMP447,Warehouse E,Completed,2024-09-05
488,2024-01-05,CUST270373,EMP835,Store B,Completed,2024-01-08
489,2024-01-17,CUST645633,EMP146,Online D,Completed,2024-01-18
490,2025-02-25,CUST440887,EMP875,Store B,Processing,2025-03-05
491,2023-07-10,CUST880265,EMP708,Warehouse E,Completed,2023-07-22
492,2025-05-11,CUST543964,EMP226,Warehouse E,Completed,2025-05-28
493,2023-08-03,CUST548463,EMP171,Store A,Processing,2023-08-15
494,2023-12-28,CUST821290,EMP328,Warehouse E,Shipped,2024-01-17
495,2025-06-11,CUST270373,EMP152,Store B,Completed,2025-06-14
496,2024-10-15,CUST330841,EMP942,Online D,Shipped,2024-10-20
497,2023-07-26,CUST583906,EMP287,Store B,Pending,2023-07-27
498,2024-02-06,CUST152056,EMP291,Store A,Cancelled,2024-02-11
499,2024-06-16,CUST361638,EMP438,Online D,Completed,2024-06-17
500,2025-01-14,CUST649691,EMP248,Online D,Shipped,2025-01-27
501,2023-11-07,CUST197388,EMP345,Store C,Processing,2023-11-08
502,2024-09-16,CUST666652,EMP982,Online D,Pending,2024-09-21
503,2023-08-12,CUST543964,EMP202,Store A,Shipped,2023-08-24
504,2025-04-20,CUST431061,EMP115,Store A,Shipped,2025-04-20
505,2025-05-04,CUST204657,EMP395,Store A,Pending,2025-06-01
506,2024-01-05,CUST270875,EMP588,Store C,Completed,2024-01-06
507,2023-10-08,CUST680705,EMP456,Store B,Cancelled,2023-10-08
508,2025-02-22,CUST100530,EMP678,Warehouse E,Shipped,2025-03-11
509,2024-04-19,CUST947729,EMP364,Store C,Processing,2024-04-20
510,2024-09-25,CUST920676,EMP635,Warehouse E,Cancelled,2024-09-28
511,2023-11-06,CUST311307,EMP318,Online D,Shipped,2023-11-14
512,2024-06-18,CUST841402,EMP512,Store B,Pending,2024-06-24
513,2025-05-21,CUST920676,EMP276,Store A,Processing,2025-05-21
514,2025-05-08,CUST611152,EMP974,Store A,Pending,2025-05-29
515,2023-08-06,CUST377636,EMP605,Store C,Processing,2023-08-08
516,2025-01-14,CUST684660,EMP119,Store B,Processing,2025-02-01
517,2023-07-20,CUST503269,EMP168,Store B,Completed,2023-07-23
518,2024-08-03,CUST666652,EMP352,Store C,Shipped,2024-08-23
519,2024-11-13,CUST821290,EMP226,Store B,Pending,2024-12-12
520,2024-01-30,CUST662344,EMP766,Store B,Shipped,2024-01-30
521,2023-12-19,CUST799838,EMP282,Store A,Completed,2023-12-25
522,2023-09-12,CUST120656,EMP771,Store C,Completed,2023-09-23
523,2025-01-25,CUST666652,EMP558,Online D,Shipped,2025-01-28
524,2025-01-09,CUST947729,EMP732,Store B,Completed,2025-01-12
525,2024-09-01,CUST821290,EMP266,Store A,Shipped,2024-09-09
526,2023-10-14,CUST564493,EMP900,Store C,Shipped,2023-10-29
527,2025-01-13,CUST394928,EMP312,Store A,Processing,2025-01-14
528,2025-01-29,CUST561397,EMP550,Store A,Cancelled,2025-02-11
529,2024-11-09,CUST729437,EMP751,Store C,Pending,2024-11-13
530,2024-11-06,CUST767814,EMP511,Store A,Pending,2024-11-13
531,2024-12-27,CUST680705,EMP699,Warehouse E,Pending,2025-01-06
532,2024-06-05,CUST801355,EMP345,Store C,Completed,2024-06-27
533,2025-04-14,CUST245054,EMP336,Store A,Pending,2025-04-16
534,2024-06-21,CUST702033,EMP886,Store A,Completed,2024-06-26
535,2024-11-16,CUST119384,EMP881,Store B,Completed,2024-11-22
536,2023-09-19,CUST543964,EMP921,Store C,Pending,2023-09-28
537,2023-09-29,CUST887727,EMP306,Store C,Pending,2023-10-01
538,2024-01-29,CUST796795,EMP579,Store B,Processing,2024-02-08
539,2023-10-26,CUST682328,EMP980,Warehouse E,Processing,2023-11-11
540,2023-09-22,CUST662344,EMP586,Store A,Pending,2023-10-08
541,2024-07-07,CUST899496,EMP236,Store B,Shipped,2024-07-13
542,2024-02-20,CUST438277,EMP295,Store A,Pending,2024-03-03
543,2023-09-25,CUST119384,EMP381,Warehouse E,Cancelled,2023-10-06
544,2024-11-01,CUST669718,EMP202,Online D,Processing,2024-11-02
545,2025-05-11,CUST531986,EMP833,Store B,Completed,2025-05-16
546,2023-12-16,CUST559300,EMP658,Store C,Shipped,2023-12-21
547,2023-07-16,CUST270948,EMP329,Store C,Completed,2023-07-17
548,2024-04-12,CUST682328,EMP199,Store B,Cancelled,2024-04-27
549,2025-06-02,CUST259163,EMP791,Store A,Pending,2025-06-06
550,2024-01-01,CUST666662,EMP290,Online D,Processing,2024-01-04
551,2023-07-20,CUST120742,EMP346,Store C,Completed,2023-07-21
552,2025-03-08,CUST947729,EMP598,Store C,Pending,2025-04-02
553,2023-11-12,CUST880265,EMP647,Online D,Cancelled,2023-11-15
554,2023-10-12,CUST795683,EMP291,Store A,Cancelled,2023-11-10
555,2024-05-19,CUST505970,EMP314,Store C,Completed,2024-06-09
556,2025-03-10,CUST375219,EMP584,Store A,Completed,2025-03-18
557,2024-03-21,CUST890465,EMP734,Store B,Pending,2024-03-24
558,2023-10-21,CUST132177,EMP473,Warehouse E,Shipped,2023-10-31
559,2024-09-26,CUST245054,EMP581,Store C,Processing,2024-09-29
560,2025-01-19,CUST353936,EMP981,Warehouse E,Completed,2025-01-24
561,2024-02-07,CUST180145,EMP512,Warehouse E,Completed,2024-02-29
562,2024-12-03,CUST649691,EMP473,Store A,Processing,2024-12-29
563,2024-03-12,CUST503269,EMP778,Store C,Completed,2024-03-21
564,2024-03-26,CUST921408,EMP963,Store C,Processing,2024-03-27
565,2024-09-21,CUST947729,EMP323,Store C,Pending,2024-09-22
566,2025-06-07,CUST326458,EMP522,Online D,Pending,2025-06-13
567,2023-08-25,CUST433003,EMP245,Store B,Processing,2023-09-01
568,2024-05-22,CUST860641,EMP269,Online D,Cancelled,2024-06-02
569,2023-12-31,CUST438277,EMP869,Warehouse E,Completed,2024-01-06
570,2024-04-28,CUST197388,EMP253,Warehouse E,Cancelled,2024-05-10
571,2023-09-10,CUST951124,EMP453,Online D,Pending,2023-09-19
572,2024-06-02,CUST440887,EMP496,Online D,Shipped,2024-06-09
573,2025-06-14,CUST259163,EMP428,Store A,Pending,2025-06-14
574,2023-11-27,CUST225247,EMP942,Online D,Pending,2023-12-04
575,2024-05-30,CUST823904,EMP386,Store B,Shipped,2024-06-08
576,2023-11-14,CUST335433,EMP925,Warehouse E,Completed,2023-11-19
577,2023-09-21,CUST587129,EMP739,Warehouse E,Completed,2023-10-08
578,2024-07-28,CUST776164,EMP756,Online D,Cancelled,2024-08-09
579,2024-08-24,CUST197388,EMP675,Warehouse E,Shipped,2024-08-24
580,2025-03-03,CUST921408,EMP185,Store A,Processing,2025-03-11
581,2023-06-30,CUST799838,EMP354,Store C,Cancelled,2023-06-30
582,2025-03-13,CUST801355,EMP711,Warehouse E,Shipped,2025-03-13
583,2023-07-23,CUST100530,EMP870,Store A,Cancelled,2023-07-24
584,2024-10-12,CUST682328,EMP903,Store C,Completed,2024-10-14
585,2025-01-25,CUST120656,EMP348,Store B,Shipped,2025-01-31
586,2024-07-21,CUST897272,EMP579,Store B,Pending,2024-07-27
587,2025-03-07,CUST152056,EMP710,Online D,Processing,2025-03-08
588,2024-10-02,CUST235302,EMP742,Store B,Shipped,2024-10-02
589,2025-05-26,CUST899496,EMP310,Store C,Pending,2025-06-08
590,2024-06-01,CUST377547,EMP399,Store A,Processing,2024-06-29
591,2025-05-14,CUST518812,EMP687,Store C,Shipped,2025-05-14
592,2025-04-05,CUST225247,EMP446,Warehouse E,Processing,2025-04-06
593,2023-09-02,CUST887727,EMP124,Warehouse E,Completed,2023-09-07
594,2024-02-03,CUST505970,EMP870,Warehouse E,Pending,2024-02-09
595,2025-03-28,CUST642124,EMP509,Store A,Cancelled,2025-04-05
596,2023-12-30,CUST326458,EMP739,Warehouse E,Completed,2024-01-16
597,2024-07-12,CUST682328,EMP788,Store C,Processing,2024-07-13
598,2024-06-20,CUST120742,EMP485,Warehouse E,Processing,2024-06-23
599,2023-08-06,CUST568538,EMP147,Store C,Completed,2023-08-16
600,2025-01-12,CUST669718,EMP768,Store B,Pending,2025-01-22
601,2025-03-11,CUST645633,EMP870,Warehouse E,Completed,2025-03-13
602,2024-06-03,CUST469193,EMP688,Store A,Cancelled,2024-06-09
603,2023-07-19,CUST180145,EMP485,Online D,Completed,2023-07-24
604,2025-01-15,CUST531986,EMP316,Warehouse E,Cancelled,2025-01-18
605,2025-03-25,CUST947729,EMP533,Warehouse E,Pending,2025-03-28
606,2024-09-22,CUST119384,EMP990,Store C,Pending,2024-10-19
607,2023-11-11,CUST680705,EMP615,Store A,Cancelled,2023-11-13
608,2024-12-31,CUST270373,EMP453,Store C,Cancelled,2025-01-11
609,2024-07-27,CUST376215,EMP384,Store B,Cancelled,2024-08-12
610,2023-10-08,CUST208847,EMP252,Store C,Shipped,2023-10-14
611,2024-03-08,CUST304921,EMP479,Warehouse E,Completed,2024-03-10
612,2024-12-18,CUST669718,EMP938,Online D,Processing,2024-12-18
613,2024-08-11,CUST204657,EMP939,Online D,Pending,2024-08-12
614,2024-01-06,CUST561397,EMP916,Store B,Pending,2024-01-17
615,2024-08-21,CUST729437,EMP907,Store B,Shipped,2024-08-21
616,2025-06-07,CUST335433,EMP630,Store C,Cancelled,2025-06-12
617,2023-11-09,CUST159217,EMP206,Store C,Shipped,2023-11-25
618,2025-05-11,CUST951124,EMP902,Warehouse E,Pending,2025-05-14
619,2024-12-04,CUST841402,EMP825,Online D,Shipped,2024-12-22
620,2024-03-19,CUST669718,EMP101,Online D,Processing,2024-03-29
621,2023-08-14,CUST335433,EMP346,Online D,Completed,2023-09-06
622,2024-11-27,CUST377636,EMP180,Store C,Pending,2024-12-05
623,2024-10-16,CUST330841,EMP585,Warehouse E,Shipped,2024-11-01
624,2025-01-13,CUST897272,EMP880,Online D,Pending,2025-01-23
625,2024-07-07,CUST920676,EMP606,Online D,Pending,2024-07-09
626,2023-06-24,CUST801355,EMP136,Store B,Pending,2023-06-25
627,2024-12-23,CUST857556,EMP817,Store C,Processing,2024-12-27
628,2024-11-27,CUST880265,EMP835,Store B,Shipped,2024-12-16
629,2024-03-24,CUST553548,EMP694,Online D,Shipped,2024-03-24
630,2024-04-15,CUST245054,EMP702,Store B,Completed,2024-04-23
631,2023-09-19,CUST311307,EMP444,Online D,Cancelled,2023-09-20
632,2024-11-20,CUST920676,EMP213,Warehouse E,Pending,2024-11-25
633,2023-09-14,CUST394928,EMP629,Store C,Cancelled,2023-09-20
634,2025-06-10,CUST259163,EMP349,Warehouse E,Shipped,2025-06-13
635,2023-11-14,CUST330841,EMP442,Store C,Completed,2023-11-26
636,2024-07-29,CUST767814,EMP348,Store A,Completed,2024-07-31
637,2025-03-29,CUST245054,EMP975,Store B,Shipped,2025-04-02
638,2025-01-17,CUST642124,EMP294,Warehouse E,Shipped,2025-01-17
639,2024-12-18,CUST788161,EMP446,Store C,Shipped,2024-12-26
640,2023-10-06,CUST543964,EMP134,Warehouse E,Shipped,2023-10-16
641,2024-07-18,CUST375219,EMP975,Store A,Cancelled,2024-08-10
642,2025-04-09,CUST180145,EMP775,Warehouse E,Completed,2025-04-14
643,2025-03-02,CUST960785,EMP963,Online D,Pending,2025-03-09
644,2024-07-26,CUST361638,EMP750,Store B,Cancelled,2024-08-04
645,2024-04-17,CUST270948,EMP690,Store C,Processing,2024-05-03
646,2025-02-04,CUST947729,EMP843,Online D,Pending,2025-02-08
647,2023-07-28,CUST564493,EMP857,Online D,Completed,2023-07-30
648,2023-08-28,CUST531986,EMP125,Store B,Cancelled,2023-08-30
649,2024-11-01,CUST505970,EMP926,Store B,Pending,2024-11-11
650,2024-03-03,CUST119384,EMP889,Online D,Completed,2024-03-03
651,2024-07-28,CUST245054,EMP877,Store C,Processing,2024-08-06
652,2024-10-19,CUST225247,EMP974,Store A,Shipped,2024-10-19
653,2023-11-08,CUST897272,EMP705,Store A,Completed,2023-11-25
654,2023-09-20,CUST890465,EMP757,Warehouse E,Processing,2023-10-07
655,2024-10-08,CUST666662,EMP916,Store B,Completed,2024-10-19
656,2024-03-10,CUST947729,EMP857,Warehouse E,Completed,2024-03-19
657,2024-10-01,CUST505970,EMP408,Warehouse E,Completed,2024-10-01
658,2024-10-18,CUST152056,EMP469,Online D,Shipped,2024-10-21
659,2024-02-10,CUST235302,EMP368,Store A,Cancelled,2024-02-21
660,2024-12-14,CUST311307,EMP929,Store B,Cancelled,2024-12-15
661,2023-09-16,CUST669718,EMP426,Store A,Processing,2023-09-25
662,2025-03-16,CUST991743,EMP929,Store B,Pending,2025-03-18
663,2024-06-13,CUST377636,EMP288,Store C,Completed,2024-06-15
664,2023-08-19,CUST100530,EMP222,Store B,Shipped,2023-08-20
665,2024-11-23,CUST666662,EMP782,Online D,Cancelled,2024-11-25
666,2025-01-14,CUST377636,EMP623,Warehouse E,Completed,2025-01-20
667,2024-01-30,CUST799838,EMP502,Warehouse E,Shipped,2024-02-12
668,2025-03-23,CUST225247,EMP100,Store C,Processing,2025-04-19
669,2023-10-08,CUST170667,EMP806,Online D,Shipped,2023-10-19
670,2024-06-20,CUST799838,EMP518,Online D,Completed,2024-06-25
671,2024-01-13,CUST180145,EMP631,Store C,Cancelled,2024-01-19
672,2024-06-28,CUST666652,EMP205,Store C,Processing,2024-07-04
673,2024-07-24,CUST433003,EMP958,Store A,Completed,2024-08-13
674,2023-08-29,CUST152056,EMP702,Store B,Shipped,2023-09-03
675,2023-11-21,CUST531986,EMP588,Store C,Completed,2023-11-24
676,2025-03-17,CUST680705,EMP198,Store B,Shipped,2025-03-22
677,2025-02-17,CUST394928,EMP871,Store C,Completed,2025-03-02
678,2024-08-05,CUST543964,EMP817,Store A,Processing,2024-08-13
679,2024-02-02,CUST880265,EMP509,Store C,Pending,2024-02-19
680,2025-03-24,CUST899496,EMP628,Warehouse E,Processing,2025-03-28
681,2023-11-18,CUST642124,EMP406,Store B,Processing,2023-11-18
682,2024-02-22,CUST170667,EMP621,Store A,Processing,2024-03-07
683,2023-07-30,CUST120656,EMP490,Store A,Cancelled,2023-08-09
684,2023-08-07,CUST330841,EMP163,Store A,Completed,2023-08-08
685,2024-02-13,CUST947729,EMP929,Store A,Shipped,2024-02-13
686,2023-09-02,CUST651427,EMP764,Store B,Pending,2023-09-03
687,2024-07-27,CUST120742,EMP720,Store A,Shipped,2024-08-13
688,2025-01-21,CUST259307,EMP517,Store C,Shipped,2025-01-22
689,2023-07-18,CUST796795,EMP901,Store C,Pending,2023-07-26
690,2025-06-08,CUST553548,EMP279,Store B,Shipped,2025-06-14
691,2025-01-05,CUST132177,EMP867,Store B,Processing,2025-01-09
692,2024-05-01,CUST890465,EMP538,Store A,Processing,2024-05-07
693,2025-06-07,CUST669718,EMP808,Store A,Completed,2025-06-07
694,2025-04-24,CUST702033,EMP876,Store C,Pending,2025-05-12
695,2023-10-28,CUST642124,EMP978,Store C,Shipped,2023-11-05
696,2024-01-16,CUST662344,EMP351,Online D,Cancelled,2024-02-06
697,2024-08-25,CUST208847,EMP274,Store B,Shipped,2024-08-25
698,2024-09-02,CUST159217,EMP282,Warehouse E,Shipped,2024-09-02
699,2025-02-07,CUST137670,EMP630,Store C,Shipped,2025-02-07
700,2023-06-18,CUST543964,EMP751,Store C,Cancelled,2023-06-21
701,2025-04-15,CUST767814,EMP309,Online D,Pending,2025-04-29
702,2024-04-29,CUST823904,EMP329,Online D,Processing,2024-05-09
703,2024-10-10,CUST880265,EMP358,Warehouse E,Pending,2024-10-21
704,2023-09-27,CUST245054,EMP426,Store B,Shipped,2023-09-29
705,2023-09-24,CUST680705,EMP830,Warehouse E,Cancelled,2023-10-08
706,2025-02-12,CUST784156,EMP318,Store A,Pending,2025-02-12
707,2024-02-18,CUST100530,EMP183,Warehouse E,Processing,2024-02-29
708,2024-12-23,CUST841402,EMP639,Online D,Pending,2024-12-29
709,2024-12-03,CUST440887,EMP852,Store C,Shipped,2024-12-04
710,2024-07-19,CUST703527,EMP913,Store C,Completed,2024-07-21
711,2023-12-19,CUST553548,EMP249,Online D,Completed,2024-01-10
712,2023-11-14,CUST361638,EMP578,Online D,Pending,2023-11-22
713,2024-10-20,CUST132177,EMP684,Online D,Shipped,2024-10-21
714,2024-05-06,CUST438277,EMP572,Online D,Shipped,2024-05-14
715,2024-01-23,CUST960785,EMP683,Store B,Shipped,2024-01-31
716,2024-06-12,CUST860641,EMP182,Store C,Completed,2024-06-16
717,2023-12-25,CUST137670,EMP130,Store C,Shipped,2024-01-04
718,2024-12-28,CUST962772,EMP123,Online D,Pending,2025-01-08
719,2023-11-14,CUST649691,EMP370,Online D,Processing,2023-11-16
720,2023-08-09,CUST361638,EMP360,Store B,Completed,2023-08-20
721,2025-01-14,CUST841402,EMP488,Online D,Completed,2025-01-17
722,2024-05-22,CUST684660,EMP739,Store C,Completed,2024-05-28
723,2024-11-04,CUST270948,EMP803,Store C,Shipped,2024-11-05
724,2025-01-20,CUST897272,EMP979,Store B,Processing,2025-01-21
725,2024-02-14,CUST548463,EMP934,Store A,Pending,2024-02-15
726,2024-05-09,CUST899496,EMP604,Online D,Completed,2024-05-14
727,2025-03-28,CUST801355,EMP259,Store A,Pending,2025-04-13
728,2024-09-18,CUST960785,EMP112,Store C,Shipped,2024-09-26
729,2025-03-02,CUST311307,EMP862,Store C,Completed,2025-03-08
730,2023-11-14,CUST897272,EMP131,Online D,Shipped,2023-11-18
731,2023-08-09,CUST669718,EMP595,Store A,Cancelled,2023-08-15
732,2024-08-08,CUST440887,EMP622,Warehouse E,Shipped,2024-08-15
733,2024-10-17,CUST440887,EMP230,Store B,Cancelled,2024-10-21
734,2024-07-24,CUST729437,EMP474,Store A,Processing,2024-08-16
735,2024-09-01,CUST352459,EMP130,Store B,Completed,2024-09-01
736,2025-03-15,CUST784156,EMP196,Warehouse E,Completed,2025-04-12
737,2023-12-01,CUST583906,EMP532,Store A,Pending,2023-12-03
738,2025-03-02,CUST729437,EMP544,Online D,Shipped,2025-03-09
739,2025-02-21,CUST225247,EMP294,Store C,Shipped,2025-03-09
740,2024-12-26,CUST561397,EMP307,Store A,Shipped,2024-12-28
741,2023-06-18,CUST137670,EMP328,Store B,Shipped,2023-06-28
742,2025-05-01,CUST442364,EMP286,Online D,Shipped,2025-05-18
743,2024-11-27,CUST548463,EMP416,Store B,Shipped,2024-11-27
744,2025-06-09,CUST100530,EMP888,Store A,Cancelled,2025-06-12
745,2023-12-30,CUST505970,EMP546,Store A,Pending,2023-12-30
746,2025-06-10,CUST702033,EMP414,Store B,Cancelled,2025-06-13
747,2024-09-17,CUST100530,EMP572,Store A,Pending,2024-09-23
748,2023-11-21,CUST897272,EMP539,Online D,Pending,2023-11-30
749,2025-03-16,CUST505970,EMP950,Store B,Processing,2025-03-24
750,2023-11-29,CUST204657,EMP863,Online D,Processing,2023-12-25
751,2025-02-04,CUST382578,EMP921,Store A,Processing,2025-02-13
752,2024-05-14,CUST960785,EMP245,Store C,Shipped,2024-05-14
753,2023-10-27,CUST568538,EMP207,Store A,Completed,2023-11-05
754,2024-04-06,CUST170667,EMP812,Store B,Shipped,2024-04-20
755,2023-08-08,CUST751619,EMP510,Store C,Cancelled,2023-08-14
756,2024-10-15,CUST666652,EMP758,Store C,Completed,2024-10-15
757,2024-07-25,CUST821290,EMP768,Store C,Completed,2024-08-22
758,2024-04-17,CUST295555,EMP705,Store A,Processing,2024-05-07
759,2025-03-18,CUST960785,EMP232,Store B,Processing,2025-03-19
760,2025-02-12,CUST270875,EMP889,Store B,Shipped,2025-02-15
761,2024-06-29,CUST326458,EMP130,Store A,Processing,2024-07-07
762,2024-05-25,CUST159217,EMP687,Warehouse E,Cancelled,2024-05-27
763,2025-01-10,CUST100530,EMP163,Store C,Cancelled,2025-01-13
764,2024-05-16,CUST132177,EMP278,Store B,Completed,2024-05-17
765,2023-08-17,CUST960785,EMP586,Store C,Shipped,2023-08-20
766,2024-01-27,CUST245054,EMP111,Store A,Shipped,2024-02-02
767,2025-01-02,CUST270373,EMP841,Warehouse E,Cancelled,2025-01-07
768,2023-10-12,CUST375219,EMP963,Store B,Processing,2023-10-25
769,2023-11-13,CUST897272,EMP343,Store C,Pending,2023-11-23
770,2024-10-10,CUST225247,EMP916,Warehouse E,Processing,2024-10-13
771,2024-01-17,CUST649691,EMP366,Warehouse E,Completed,2024-01-18
772,2025-04-20,CUST649691,EMP668,Store B,Pending,2025-04-20
773,2024-02-07,CUST119384,EMP474,Store B,Cancelled,2024-02-07
774,2024-04-04,CUST431061,EMP102,Store A,Processing,2024-04-07
775,2023-11-30,CUST352459,EMP386,Store A,Processing,2023-12-02
776,2024-09-04,CUST245054,EMP465,Store C,Completed,2024-09-08
777,2024-01-13,CUST197388,EMP377,Store C,Completed,2024-01-31
778,2024-11-22,CUST120656,EMP923,Online D,Cancelled,2024-12-06
779,2024-11-24,CUST649691,EMP453,Online D,Cancelled,2024-11-24
780,2025-05-24,CUST352459,EMP449,Store B,Processing,2025-05-26
781,2025-04-24,CUST767814,EMP904,Store B,Processing,2025-05-09
782,2025-03-12,CUST503269,EMP617,Online D,Pending,2025-03-30
783,2025-03-11,CUST559300,EMP651,Online D,Completed,2025-03-27
784,2024-07-30,CUST433003,EMP902,Online D,Cancelled,2024-07-30
785,2023-06-27,CUST361638,EMP300,Store B,Pending,2023-06-29
786,2024-01-01,CUST564493,EMP756,Online D,Cancelled,2024-01-10
787,2024-05-08,CUST887727,EMP614,Store C,Completed,2024-05-11
788,2025-04-09,CUST857556,EMP397,Online D,Processing,2025-04-10
789,2024-01-12,CUST662344,EMP891,Online D,Processing,2024-01-25
790,2023-09-11,CUST235302,EMP136,Warehouse E,Cancelled,2023-09-18
791,2025-05-28,CUST666652,EMP604,Store A,Cancelled,2025-06-05
792,2025-04-27,CUST991743,EMP834,Store A,Processing,2025-04-27
793,2024-09-14,CUST561397,EMP113,Warehouse E,Cancelled,2024-09-14
794,2024-10-31,CUST120656,EMP726,Store C,Processing,2024-11-06
795,2024-10-16,CUST394928,EMP925,Store A,Completed,2024-10-23
796,2024-04-16,CUST788161,EMP388,Store B,Shipped,2024-04-24
797,2025-01-01,CUST921408,EMP889,Store C,Shipped,2025-01-13
798,2023-11-10,CUST159217,EMP696,Store B,Shipped,2023-11-14
799,2024-07-30,CUST680705,EMP900,Warehouse E,Cancelled,2024-08-16
800,2025-06-12,CUST801355,EMP707,Online D,Cancelled,2025-06-14
801,2024-05-16,CUST137670,EMP193,Store C,Processing,2024-05-30
802,2024-03-24,CUST382578,EMP200,Store B,Completed,2024-03-25
803,2024-09-11,CUST587129,EMP629,Store A,Processing,2024-09-14
804,2023-08-21,CUST995461,EMP315,Warehouse E,Completed,2023-08-21
805,2025-05-23,CUST377547,EMP886,Warehouse E,Cancelled,2025-06-03
806,2024-04-16,CUST841402,EMP518,Warehouse E,Cancelled,2024-05-10
807,2023-11-03,CUST197388,EMP969,Store A,Processing,2023-11-12
808,2024-05-18,CUST897272,EMP523,Store C,Completed,2024-06-12
809,2024-10-16,CUST197388,EMP446,Store B,Cancelled,2024-11-06
810,2024-01-29,CUST649691,EMP617,Warehouse E,Completed,2024-02-02
811,2024-05-04,CUST375219,EMP635,Store B,Shipped,2024-05-15
812,2023-08-30,CUST377547,EMP574,Warehouse E,Shipped,2023-08-30
813,2025-01-08,CUST651427,EMP701,Warehouse E,Pending,2025-01-29
814,2024-11-18,CUST270948,EMP105,Store C,Completed,2024-11-21
815,2023-08-24,CUST311307,EMP323,Store A,Cancelled,2023-09-02
816,2024-12-25,CUST649691,EMP319,Store A,Completed,2024-12-30
817,2024-10-28,CUST225247,EMP690,Online D,Shipped,2024-11-13
818,2024-06-13,CUST326458,EMP495,Warehouse E,Shipped,2024-06-16
819,2025-02-24,CUST270948,EMP235,Online D,Cancelled,2025-02-24
820,2025-02-08,CUST132177,EMP533,Warehouse E,Cancelled,2025-02-10
821,2023-06-25,CUST680705,EMP156,Store B,Pending,2023-07-14
822,2024-12-29,CUST564493,EMP297,Online D,Pending,2025-01-09
823,2024-11-25,CUST920676,EMP225,Online D,Shipped,2024-12-08
824,2025-05-06,CUST559300,EMP982,Warehouse E,Shipped,2025-05-27
825,2024-04-11,CUST651427,EMP594,Warehouse E,Completed,2024-04-11
826,2024-05-11,CUST259307,EMP110,Store B,Completed,2024-05-29
827,2024-06-14,CUST469193,EMP159,Warehouse E,Pending,2024-06-17
828,2024-06-05,CUST361638,EMP399,Store C,Processing,2024-06-22
829,2023-10-24,CUST666662,EMP342,Warehouse E,Processing,2023-11-03
830,2023-10-28,CUST553548,EMP732,Online D,Completed,2023-10-28
831,2023-10-28,CUST825521,EMP795,Warehouse E,Completed,2023-11-15
832,2024-07-22,CUST270948,EMP771,Online D,Completed,2024-07-23
833,2023-12-28,CUST259307,EMP392,Online D,Pending,2023-12-29
834,2024-08-15,CUST442364,EMP151,Store C,Shipped,2024-08-15
835,2025-03-28,CUST857556,EMP304,Store B,Cancelled,2025-03-28
836,2024-11-04,CUST951124,EMP887,Store C,Shipped,2024-11-07
837,2024-01-03,CUST377547,EMP125,Online D,Shipped,2024-01-04
838,2024-09-19,CUST225247,EMP106,Store B,Pending,2024-09-29
839,2023-09-01,CUST100530,EMP853,Warehouse E,Cancelled,2023-09-17
840,2024-12-05,CUST651427,EMP201,Store C,Pending,2024-12-07
841,2023-10-03,CUST304921,EMP909,Store C,Completed,2023-10-08
842,2023-11-05,CUST669718,EMP290,Store B,Cancelled,2023-11-22
843,2025-06-05,CUST666652,EMP787,Warehouse E,Completed,2025-06-09
844,2023-08-08,CUST543964,EMP415,Store A,Completed,2023-08-14
845,2024-12-11,CUST684660,EMP417,Store B,Processing,2024-12-29
846,2024-07-06,CUST531986,EMP241,Store B,Pending,2024-07-25
847,2024-01-02,CUST137670,EMP847,Warehouse E,Processing,2024-01-06
848,2024-08-11,CUST548463,EMP230,Warehouse E,Shipped,2024-09-01
849,2023-12-26,CUST304921,EMP610,Store C,Pending,2023-12-27
850,2024-12-26,CUST120656,EMP561,Warehouse E,Shipped,2025-01-04
851,2024-07-20,CUST587129,EMP435,Online D,Pending,2024-07-20
852,2024-01-09,CUST825521,EMP770,Store B,Processing,2024-01-09
853,2023-12-18,CUST377547,EMP557,Store B,Cancelled,2024-01-04
854,2025-04-16,CUST352459,EMP182,Store C,Pending,2025-05-06
855,2024-02-27,CUST170667,EMP909,Store B,Processing,2024-03-04
856,2024-07-20,CUST382578,EMP590,Online D,Shipped,2024-07-25
857,2024-08-02,CUST669718,EMP604,Store B,Completed,2024-08-04
858,2024-01-01,CUST666652,EMP617,Warehouse E,Pending,2024-01-13
859,2024-11-16,CUST548463,EMP856,Store A,Shipped,2024-11-22
860,2023-11-15,CUST553548,EMP975,Store C,Shipped,2023-11-21
861,2023-11-30,CUST702033,EMP177,Store C,Pending,2023-11-30
862,2025-03-22,CUST335433,EMP623,Warehouse E,Processing,2025-04-06
863,2024-02-22,CUST469193,EMP986,Store A,Pending,2024-02-25
864,2024-02-22,CUST703527,EMP829,Store C,Processing,2024-02-22
865,2025-05-10,CUST887727,EMP274,Store B,Cancelled,2025-05-20
866,2023-07-22,CUST920676,EMP120,Store B,Cancelled,2023-08-05
867,2024-06-27,CUST377636,EMP941,Store B,Cancelled,2024-07-02
868,2024-10-19,CUST564493,EMP175,Store C,Pending,2024-10-24
869,2024-07-05,CUST821290,EMP319,Store C,Pending,2024-07-05
870,2023-09-12,CUST152056,EMP529,Online D,Cancelled,2023-09-12
871,2023-10-03,CUST518812,EMP673,Store B,Processing,2023-10-09
872,2024-11-14,CUST729437,EMP205,Store C,Pending,2024-11-16
873,2025-06-02,CUST897272,EMP724,Online D,Shipped,2025-06-11
874,2024-04-17,CUST442364,EMP127,Warehouse E,Cancelled,2024-04-26
875,2024-09-28,CUST170667,EMP534,Online D,Processing,2024-09-29
876,2024-04-02,CUST335433,EMP230,Online D,Completed,2024-04-02
877,2024-04-26,CUST304921,EMP799,Store B,Completed,2024-04-27
878,2024-06-15,CUST703527,EMP958,Warehouse E,Pending,2024-06-21
879,2024-08-11,CUST890465,EMP777,Store C,Processing,2024-08-13
880,2024-02-22,CUST611152,EMP694,Store C,Cancelled,2024-02-29
881,2024-02-07,CUST137670,EMP737,Online D,Pending,2024-02-08
882,2023-09-01,CUST666721,EMP747,Warehouse E,Processing,2023-09-02
883,2023-11-25,CUST433003,EMP527,Store B,Pending,2023-11-25
884,2023-09-09,CUST669718,EMP296,Store B,Cancelled,2023-09-14
885,2024-10-03,CUST880265,EMP159,Store A,Shipped,2024-10-15
886,2024-10-19,CUST669718,EMP683,Online D,Cancelled,2024-11-04
887,2024-09-02,CUST887727,EMP993,Online D,Pending,2024-09-12
888,2025-06-06,CUST645633,EMP442,Store B,Completed,2025-06-09
889,2023-11-04,CUST204657,EMP471,Warehouse E,Pending,2023-11-19
890,2023-09-16,CUST197388,EMP288,Store A,Shipped,2023-09-25
891,2024-11-29,CUST669718,EMP562,Store A,Cancelled,2024-12-20
892,2024-01-02,CUST170667,EMP663,Online D,Processing,2024-01-03
893,2024-04-10,CUST947729,EMP582,Store A,Completed,2024-04-10
894,2024-08-28,CUST245054,EMP334,Warehouse E,Processing,2024-09-03
895,2025-06-14,CUST259163,EMP755,Store A,Completed,2025-06-14
896,2023-08-03,CUST180145,EMP665,Store A,Completed,2023-08-04
897,2025-02-16,CUST920676,EMP514,Online D,Shipped,2025-02-19
898,2024-12-21,CUST649691,EMP509,Store A,Shipped,2024-12-23
899,2025-02-09,CUST564493,EMP193,Store C,Pending,2025-02-10
900,2025-02-03,CUST587129,EMP181,Online D,Shipped,2025-02-06
901,2024-08-01,CUST197388,EMP760,Store B,Shipped,2024-08-05
902,2024-11-12,CUST559300,EMP601,Store C,Processing,2024-11-22
903,2024-06-24,CUST245054,EMP785,Store A,Processing,2024-07-07
904,2024-03-14,CUST335433,EMP863,Online D,Completed,2024-03-15
905,2025-04-01,CUST795683,EMP612,Warehouse E,Completed,2025-04-18
906,2024-08-27,CUST880265,EMP965,Online D,Cancelled,2024-09-07
907,2024-05-04,CUST751619,EMP391,Online D,Processing,2024-05-08
908,2024-05-17,CUST152056,EMP546,Store C,Pending,2024-05-21
909,2024-01-12,CUST729437,EMP289,Store A,Cancelled,2024-01-21
910,2024-03-24,CUST799838,EMP665,Online D,Shipped,2024-03-27
911,2024-01-25,CUST225247,EMP690,Warehouse E,Shipped,2024-01-29
912,2024-04-23,CUST995461,EMP897,Online D,Shipped,2024-04-26
913,2023-07-19,CUST611152,EMP868,Store B,Shipped,2023-07-21
914,2024-04-19,CUST921408,EMP542,Store A,Processing,2024-04-22
915,2024-10-07,CUST132177,EMP617,Warehouse E,Completed,2024-10-20
916,2024-08-20,CUST431061,EMP813,Warehouse E,Cancelled,2024-08-21
917,2024-04-24,CUST469193,EMP186,Warehouse E,Cancelled,2024-04-25
918,2024-10-07,CUST119384,EMP372,Warehouse E,Processing,2024-10-09
919,2025-04-11,CUST991632,EMP495,Store A,Cancelled,2025-04-12
920,2023-12-28,CUST702033,EMP577,Store A,Completed,2024-01-01
921,2024-02-23,CUST880265,EMP402,Online D,Pending,2024-03-10
922,2025-04-01,CUST152056,EMP849,Store B,Processing,2025-04-20
923,2024-04-09,CUST119384,EMP232,Store A,Completed,2024-04-13
924,2024-04-11,CUST377547,EMP940,Store C,Cancelled,2024-05-02
925,2025-04-27,CUST860641,EMP858,Store C,Processing,2025-04-29
926,2025-04-18,CUST204657,EMP882,Store C,Pending,2025-04-20
927,2024-08-24,CUST361638,EMP666,Store C,Processing,2024-08-25
928,2024-11-18,CUST375219,EMP939,Online D,Pending,2024-11-25
929,2024-01-13,CUST642124,EMP703,Warehouse E,Pending,2024-01-13
930,2023-08-09,CUST751619,EMP187,Warehouse E,Shipped,2023-08-18
931,2023-08-01,CUST137670,EMP602,Warehouse E,Processing,2023-08-05
932,2025-02-02,CUST152056,EMP901,Store B,Shipped,2025-02-19
933,2024-05-12,CUST440887,EMP585,Store A,Shipped,2024-05-20
934,2023-10-04,CUST564493,EMP947,Warehouse E,Completed,2023-10-07
935,2023-07-11,CUST860641,EMP324,Store B,Cancelled,2023-07-13
936,2024-07-07,CUST120742,EMP888,Warehouse E,Processing,2024-07-13
937,2024-12-16,CUST857556,EMP209,Online D,Completed,2024-12-17
938,2024-04-11,CUST531986,EMP884,Store C,Completed,2024-04-20
939,2024-05-12,CUST887727,EMP765,Store C,Completed,2024-05-25
940,2023-11-28,CUST311307,EMP832,Online D,Completed,2023-11-29
941,2025-03-30,CUST225247,EMP725,Store C,Processing,2025-03-30
942,2024-07-19,CUST784156,EMP826,Store A,Cancelled,2024-08-09
943,2024-06-27,CUST796795,EMP676,Online D,Cancelled,2024-07-19
944,2024-06-19,CUST100530,EMP253,Online D,Completed,2024-07-17
945,2023-06-23,CUST951124,EMP543,Online D,Processing,2023-07-18
946,2024-07-17,CUST335433,EMP324,Store A,Completed,2024-07-31
947,2024-04-06,CUST649691,EMP237,Store A,Pending,2024-04-12
948,2025-06-01,CUST662344,EMP383,Online D,Completed,2025-06-05
949,2025-04-18,CUST170667,EMP791,Store C,Cancelled,2025-05-09
950,2024-02-18,CUST505970,EMP543,Store B,Processing,2024-02-20
951,2023-06-19,CUST796795,EMP166,Store B,Pending,2023-06-20
952,2024-09-27,CUST353936,EMP553,Store C,Processing,2024-10-04
953,2023-10-29,CUST440887,EMP345,Store C,Shipped,2023-11-03
954,2024-01-27,CUST649691,EMP790,Store B,Cancelled,2024-01-29
955,2023-12-04,CUST991632,EMP481,Store B,Processing,2023-12-11
956,2024-03-21,CUST440887,EMP937,Store C,Cancelled,2024-04-02
957,2024-06-10,CUST100530,EMP714,Store B,Completed,2024-06-11
958,2023-09-28,CUST518812,EMP144,Store A,Processing,2023-10-06
959,2024-03-24,CUST518812,EMP916,Store C,Completed,2024-04-11
960,2024-05-04,CUST767814,EMP935,Warehouse E,Shipped,2024-05-08
961,2023-07-08,CUST235302,EMP505,Online D,Completed,2023-07-13
962,2023-06-20,CUST951124,EMP966,Online D,Cancelled,2023-06-22
963,2024-10-27,CUST568538,EMP167,Store B,Shipped,2024-10-31
964,2024-08-21,CUST270373,EMP186,Online D,Pending,2024-09-02
965,2025-04-06,CUST170667,EMP619,Store C,Pending,2025-04-17
966,2023-12-17,CUST352459,EMP568,Store C,Pending,2023-12-19
967,2024-10-08,CUST137670,EMP966,Online D,Shipped,2024-10-13
968,2023-11-02,CUST245054,EMP614,Warehouse E,Pending,2023-11-04
969,2024-06-22,CUST137670,EMP118,Store C,Completed,2024-06-26
970,2024-05-09,CUST382578,EMP959,Store C,Completed,2024-05-11
971,2025-04-03,CUST960785,EMP490,Store C,Processing,2025-04-07
972,2025-03-28,CUST823904,EMP630,Store C,Shipped,2025-04-12
973,2024-05-25,CUST330841,EMP586,Store B,Completed,2024-06-01
974,2025-02-03,CUST568538,EMP622,Store C,Shipped,2025-03-02
975,2025-01-26,CUST784156,EMP566,Store B,Completed,2025-01-30
976,2023-08-08,CUST159217,EMP118,Store C,Shipped,2023-08-10
977,2024-08-06,CUST991632,EMP107,Store A,Processing,2024-08-09
978,2023-11-22,CUST119384,EMP853,Store A,Completed,2023-12-08
979,2023-06-22,CUST180145,EMP643,Store B,Shipped,2023-07-03
980,2024-08-03,CUST132177,EMP560,Online D,Pending,2024-08-04
981,2024-01-12,CUST795683,EMP932,Store C,Completed,2024-01-17
982,2024-04-29,CUST326458,EMP620,Store A,Processing,2024-05-13
983,2023-10-29,CUST962772,EMP981,Online D,Shipped,2023-10-29
984,2025-05-04,CUST377636,EMP919,Warehouse E,Processing,2025-05-08
985,2023-07-02,CUST960785,EMP381,Warehouse E,Processing,2023-07-15
986,2023-11-26,CUST100530,EMP484,Store B,Completed,2023-11-27
987,2023-11-30,CUST204657,EMP997,Online D,Pending,2023-12-01
988,2025-06-10,CUST120742,EMP805,Store C,Processing,2025-06-11
989,2024-08-08,CUST890465,EMP648,Store B,Processing,2024-08-11
990,2023-12-20,CUST543964,EMP341,Store A,Processing,2024-01-08
991,2024-07-26,CUST353936,EMP985,Store B,Cancelled,2024-08-10
992,2024-11-21,CUST137670,EMP809,Store B,Pending,2024-12-03
993,2025-05-22,CUST960785,EMP944,Store B,Cancelled,2025-05-22
994,2025-05-10,CUST642124,EMP951,Store C,Pending,2025-05-17
995,2023-10-12,CUST801355,EMP391,Warehouse E,Completed,2023-10-18
996,2024-07-18,CUST788161,EMP502,Store B,Shipped,2024-07-31
997,2023-12-29,CUST270875,EMP341,Online D,Cancelled,2023-12-29
998,2024-04-11,CUST137670,EMP315,Store C,Processing,2024-04-15
999,2024-05-23,CUST821290,EMP261,Store C,Shipped,2024-05-26
1000,2023-11-26,CUST776164,EMP444,Store A,Shipped,2023-11-29
